{
  "total_messages": 1730,
  "noise_messages": 664,
  "noise_ratio": 0.3838150289017341,
  "unique_clusters": 47,
  "avg_cluster_size": 22.680851063829788,
  "largest_cluster_size": 190,
  "cluster_size_distribution": {
    "3": 190,
    "2": 146,
    "7": 74,
    "18": 65,
    "8": 62,
    "21": 36,
    "13": 33,
    "16": 31,
    "1": 30,
    "36": 21,
    "9": 21,
    "6": 20,
    "11": 19,
    "20": 19,
    "37": 19,
    "32": 17,
    "40": 17,
    "41": 16,
    "15": 16,
    "25": 15,
    "28": 13,
    "22": 12,
    "31": 11,
    "23": 11,
    "24": 11,
    "17": 9,
    "26": 9,
    "10": 9,
    "29": 8,
    "43": 8,
    "47": 8,
    "33": 8,
    "4": 7,
    "12": 7,
    "5": 6,
    "14": 6,
    "19": 6,
    "42": 6,
    "39": 6,
    "30": 6,
    "38": 6,
    "27": 5,
    "34": 5,
    "44": 5,
    "46": 5,
    "35": 4,
    "45": 2
  }
}