{
  "total_messages": 365,
  "noise_messages": 191,
  "noise_ratio": 0.5232876712328767,
  "unique_clusters": 26,
  "avg_cluster_size": 6.6923076923076925,
  "largest_cluster_size": 24,
  "cluster_size_distribution": {
    "3": 24,
    "14": 20,
    "1": 19,
    "9": 14,
    "7": 10,
    "2": 9,
    "15": 8,
    "8": 6,
    "11": 6,
    "13": 6,
    "6": 5,
    "12": 4,
    "16": 4,
    "4": 3,
    "5": 3,
    "10": 3,
    "21": 3,
    "26": 3,
    "17": 3,
    "18": 3,
    "20": 3,
    "19": 3,
    "23": 3,
    "25": 3,
    "22": 3,
    "24": 3
  },
  "dbscan_eps": 0.35651264190673826,
  "dbscan_min_samples": 3,
  "dbscan_cluster_count": 26,
  "dbscan_noise_ratio": 0.5232876712328767,
  "dbscan_auto_tuned": true
}